QID,Prediction
Q1,你好，你这个情况建议去4S店检查一下机油是否缺少。
Q2,重新做一下就可以了！
Q3,这个可以更换一下气囊游丝
Q4,检查排气管是否漏气。
Q5,建议做个四轮定位
Q6,你好，根据你的描述和故障现象分析应该是鼓风机有问题导致。
Q7,建议更换防冻液。
Q8,需要检查发动机是否有问题。
Q9,这种情况是没有任何影响的。
Q10,这种情况是正常的。
Q11,没有影响的。
Q12,这个车的暖风水箱盖儿，就可以了。
Q13,这种情况是没有问题的，可以继续行驶。
Q14,不会有影响的，放心吧
Q15,可以单独咨询的。
Q16,这种情况需要进行喷漆处理。
Q17,建议到修理厂检查一下底盘是否有问题。
Q18,这种情况需要检查轮胎变形是否有问题，建议更换新的。
Q19,建议检查离合器片
Q20,你好，根据你的描述，这种情况是正常现象。
Q21,建议更换变速箱油。
Q22,建议检查机油滤芯，清洗节气门
Q23,这种情况有可能是车身控制模块坏了，需要更换新的大灯开关
Q24,这种情况一般是发动机积碳原因导致的，需要检查一下火花塞和点火系统是否有问题。
Q25,您说的这款车可以在网上购买，有卖的。
Q26,这种情况可能是钥匙的问题了，需要把遥控钥匙重新匹配遥控器
Q27,你好很高兴为您回答客户描述，这种情况需要检查底盘是否有松动然后就是变速箱内部磨损严重导致的建议维修部门做下检测一下发动机有没有变形损坏
Q28,你好，根据你的描述，这种情况一般是电瓶电量不足导致！
Q29,修理厂钣金修复喷漆300左右
Q30,根据您的描述，这种情况建议到4s店进行维修。
